{"(2, 0)": {"VKT_cars": [1.88482726235297, 1.8379027671195953, 1.8410448738065168, 1.6893351590085213], "VHT_cars": [0.06666666666666667, 0.06666666666666667, 0.06666666666666667, 0.06666666666666667], "VKT_moto": [null, null, null, null], "VHT_moto": [null, null, null, null], "error": 0.0, "percolation": null}, "(2, 2)": {"VKT_cars": [2.070195339537804, 1.835517287587938, 1.5755657798118596, 1.9917293487635208], "VHT_cars": [0.06666666666666667, 0.06666666666666667, 0.06666666666666667, 0.06666666666666667], "VKT_moto": [1.2534550078083762, 1.1641207963239995, 0.9536291584771616, 1.0278328587840109], "VHT_moto": [0.03333333333333333, 0.03333333333333333, 0.03333333333333333, 0.03333333333333333], "error": 0.0, "percolation": null}, "(2, 4)": {"VKT_cars": [1.7618915012556189, 1.6348193350304505, 1.8422241588390222, 1.8496163076328496], "VHT_cars": [0.06666666666666667, 0.06666666666666667, 0.06666666666666667, 0.06666666666666667], "VKT_moto": [2.1915138036239434, 2.134481949393438, 1.8837046213167852, 2.1367913759294437], "VHT_moto": [0.06666666666666667, 0.06666666666666667, 0.06666666666666667, 0.06666666666666667], "error": 0.0, "percolation": null}, "(4, 0)": {"VKT_cars": [3.270472528240413, 3.281000388048748, 3.376542325887558, 3.037083498507238], "VHT_cars": [0.13333333333333333, 0.13333333333333333, 0.13333333333333333, 0.13333333333333333], "VKT_moto": [null, null, null, null], "VHT_moto": [null, null, null, null], "error": 0.0, "percolation": null}, "(4, 2)": {"VKT_cars": [3.4359216252353906, 3.3287864726583023, 3.4585514799797052, 3.1355901662904238], "VHT_cars": [0.13333333333333333, 0.13333333333333333, 0.13333333333333333, 0.13333333333333333], "VKT_moto": [0.9737069318447326, 1.0401449913625962, 1.2000040925889608, 0.8796629771014397], "VHT_moto": [0.03333333333333333, 0.03333333333333333, 0.03333333333333333, 0.03333333333333333], "error": 0.0, "percolation": null}, "(4, 4)": {"VKT_cars": [2.904739703949495, 2.8055923752510967, 3.0057815883688215, 2.9583900475009814], "VHT_cars": [0.13333333333333333, 0.13333333333333333, 0.13333333333333333, 0.13333333333333333], "VKT_moto": [1.852544006293642, 2.1644283432131415, 2.04324633498155, 1.9533026729979404], "VHT_moto": [0.06666666666666667, 0.06666666666666667, 0.06666666666666667, 0.06666666666666667], "error": 0.0, "percolation": [[5.25, 5.75, 6.25, 6.75, 7.25, 7.75, 8.25, 8.75, 9.25, 9.75, 10.25, 10.75, 11.25, 11.75, 12.25, 12.75, 13.25, 13.75, 14.25, 14.75, 15.25, 15.75, 16.25, 16.75, 17.25, 17.75, 18.25, 18.75, 19.25, 19.75, 20.5, 21.25, 21.75, 22.5, 23.5], [0.16922336075228145, 0.2029536327359376, 0.16632067304075446, 0.13297814248845427, 0.11328727362407023, 0.10690151001399308, 0.108700972519924, 0.10320383291964572, 0.08479681087934743, 0.0652681435579095, 0.019298140361077132, -0.0013929450006895873, -0.02545638395608649, -0.05984052520142934, -0.07801947597668998, -0.04324257678974272, -0.07084211975033722, -0.0783778813740034, -0.07453195484560905, -0.03162421513237179, -0.10360675609516491, -0.10843387500356005, -0.09576907183344799, -0.1328838555843659, -0.12365568703713853, -0.07372997624956244, -0.09460432302665346, -0.21268039655427795, -0.17514903274798466, -0.08858974616706902, -0.1409691052050571, -0.09469103259046575, -0.007257922780743109, -0.09201317522518357, -0.15420741715681655], [0.14108642580802064, 0.187485457365797, 0.1619320849391921, 0.12565279939596224, 0.11076260346488367, 0.10188439698552056, 0.10494184131838814, 0.09721823080585053, 0.08088415922998297, 0.05778519195123831, 0.013764163040184789, -0.011086220293737067, -0.032516675810426755, -0.07255931874848877, -0.08765587191665777, -0.06742812364071532, -0.08622403743507517, -0.10468573245336193, -0.09165343348422486, -0.09333944480674222, -0.11909061494740164, -0.1571394988332319, -0.131091724198659, -0.1472117544743114, -0.16279167613752182, -0.13290870160143264, -0.13472150709281852, NaN, -0.21954525295818608, -0.20416388180824094, -0.20246470704667147, -0.22813530283668582, -0.023491841477343067, -0.22040240646644027, -0.24772689008283122], [0.2004302409162679, 0.2190476803321429, 0.17070971566255494, 0.13992214697983754, 0.11576635673498321, 0.11177302477972322, 0.11254008856096304, 0.10897228187015168, 0.08868681221894056, 0.07292012949535312, 0.024859678627675533, 0.008444719543981054, -0.01845334522528172, -0.04828165641664095, -0.0691145523910064, -0.019210358461471608, -0.0559552281879212, -0.05199970916521873, -0.05718595282576422, 0.02363968981578468, -0.08872217093252589, -0.06352963230340439, -0.06356526100671925, -0.12069000878153541, -0.08907816081181927, -0.01689383291515359, -0.05601895364267262, NaN, -0.13599046068524107, 0.02698438947410292, -0.08233359550723013, 0.013399720642413071, 0.00897599591585685, 0.03637605601607313, -0.06068794423080187]]}, "(6, 0)": {"VKT_cars": [4.285474282766817, 4.9279307206696155, 4.5008001355245915, 4.390820421024366], "VHT_cars": [0.19999999999999998, 0.19999999999999998, 0.19999999999999998, 0.19999999999999998], "VKT_moto": [null, null, null, null], "VHT_moto": [null, null, null, null], "error": 0.0, "percolation": null}, "(6, 2)": {"VKT_cars": [3.9797289043310116, 4.066055346982921, 4.05513403405719, 4.129905373294515], "VHT_cars": [0.19999999999999998, 0.19999999999999998, 0.19999999999999998, 0.19999999999999998], "VKT_moto": [0.9298148069899013, 0.9040256313621299, 0.7656893859986852, 1.0334705584502153], "VHT_moto": [0.03333333333333333, 0.03333333333333333, 0.03333333333333333, 0.03333333333333333], "error": 0.0, "percolation": null}, "(6, 4)": {"VKT_cars": [3.5841752834702962, 4.090047607068085, 3.881069833385533, 4.111309990601245], "VHT_cars": [0.19999999999999998, 0.19999999999999998, 0.19999999999999998, 0.19999999999999998], "VKT_moto": [1.683118139638448, 1.661477946365634, 1.8640654888699475, 2.0781596063770853], "VHT_moto": [0.06666666666666667, 0.06666666666666667, 0.06666666666666667, 0.06666666666666667], "error": 0.0,